Ad ID,Ad name,Reporting starts,Reporting ends,Amount spent (GBP),Impressions,Link clicks,Purchases,Purchases conversion value,3-second video plays,ThruPlays,Frequency,format,talent,hook_tactic,mechanic,angle,visual_world
TK-A02,potter: why the foot ring stays raw,2026-09-01,2026-09-28,520.00,41000,697,29,1682.00,16400,5300,1.9,creator to camera,the potter,confession,reveal,what the glaze is made of,"platform default: phone, ring light, captions"
TK-A03,potter: one kiln load then gone,2026-09-01,2026-09-28,610.00,47000,752,33,2013.00,18100,5600,2,creator to camera,the potter,result first,ritual,"one kiln load, then gone","platform default: phone, ring light, captions"
TK-A04,potter: the plate after dinner,2026-09-01,2026-09-28,450.00,36000,648,26,1482.00,14900,4700,1.8,creator to camera,the potter,contrarian claim,contrast,the table after a meal,"platform default: phone, ring light, captions"
TK-A05,potter: speckle is not a flaw,2026-09-01,2026-09-28,380.00,31000,465,20,1180.00,11800,3600,1.7,creator to camera,the potter,myth to correct,reveal,what the glaze is made of,"platform default: phone, ring light, captions"
TK-A06,potter: what 60 pieces looks like,2026-09-01,2026-09-28,300.00,25000,400,16,960.00,9600,2900,1.6,creator to camera,the potter,number or list,list payoff,"one kiln load, then gone","platform default: phone, ring light, captions"
TK-A01,potter: glaze pooling up close,2026-09-01,2026-09-07,140.00,11000,176,8,464.00,4300,1500,1.4,creator to camera,the potter,demonstration first,proof in motion,what the glaze is made of,"platform default: phone, ring light, captions"
TK-A01,potter: glaze pooling up close,2026-09-08,2026-09-14,150.00,12000,144,7,406.00,4100,1200,2.1,creator to camera,the potter,demonstration first,proof in motion,what the glaze is made of,"platform default: phone, ring light, captions"
TK-A01,potter: glaze pooling up close,2026-09-15,2026-09-21,150.00,12500,112,5,290.00,3600,900,2.9,creator to camera,the potter,demonstration first,proof in motion,what the glaze is made of,"platform default: phone, ring light, captions"
TK-B01,still: table after a meal,2026-09-01,2026-09-28,240.00,30000,330,8,496.00,,,1.5,product still,none,unexpected object,contrast,the table after a meal,"brand codes: north window, warm ground, glaze truth"
TK-B02,still: three glazes one clay,2026-09-01,2026-09-28,210.00,26000,260,7,420.00,,,1.4,product still,none,result first,comparison,what the glaze is made of,"brand codes: north window, warm ground, glaze truth"
TK-B03,comparison: factory plate vs kiln plate,2026-09-01,2026-09-28,230.00,24000,312,9,531.00,,,1.5,comparison static,none,contrarian claim,comparison,what the glaze is made of,"brand codes: north window, warm ground, glaze truth"
TK-B04,comparison: batch numbers,2026-09-01,2026-09-28,180.00,21000,252,7,427.00,,,1.4,comparison static,none,number or list,list payoff,"one kiln load, then gone","brand codes: north window, warm ground, glaze truth"
TK-C01,"demo: dishwasher, 200 cycles",2026-09-01,2026-09-28,200.00,19000,266,8,456.00,6800,1500,1.6,product demo,hands only,demonstration first,proof in motion,the table after a meal,"brand codes: north window, warm ground, glaze truth"
TK-C02,demo: stacking six bowls,2026-09-01,2026-09-28,170.00,17000,221,6,348.00,6100,1300,1.5,product demo,hands only,demonstration first,proof in motion,"one kiln load, then gone","brand codes: north window, warm ground, glaze truth"
TK-C03,demo: glaze test tiles,2026-09-01,2026-09-28,160.00,16000,192,5,300.00,5500,1100,1.5,product demo,hands only,open question,reveal,what the glaze is made of,"brand codes: north window, warm ground, glaze truth"
TK-D01,bts: loading the kiln,2026-09-01,2026-09-28,22.00,1800,25,1,64.00,700,120,1.1,behind the scenes,studio team,open question,story turn,"one kiln load, then gone","brand codes: north window, warm ground, glaze truth"
